SN,mac
ECRX5222000075,000BC214DD24
ECRX5222000182,000BC214DD8F
ECRX5222000085,000BC214DD2E
ECRX5222000123,000BC214DD54
ECRX5222000002,000BC214DCDB
ECRX5222000135,000BC214DD60
ECRX5222000057,000BC214DD12
ECRX5222000160,000BC214DD79
ECRX5222000115,000BC214DD4C
ECRX5222000037,000BC214DCFE
ECRX5222000132,000BC214DD5D
ECRX5222000048,000BC214DD09
ECRX5222000068,000BC214DD1D
ECRX5222000072,000BC214DD21
ECRX5222000005,000BC214DCDE
ECRX4022000013,000BC214DC94
ECRX5222000178,000BC214DD8B
ECRX5222000137,000BC214DD62
ECRX5222000144,000BC214DD69
ECRX5222000136,000BC214DD61
ECRX5222000186,000BC214DD93
ECRX5222000167,000BC214DD80
ECRX4022000062,000BC214DCC5
ECRX5222000204,000BC214DDA5
ECRX4022000046,000BC214DCB5
ECRX5222000103,000BC214DD40
ECRX5222000122,000BC214DD53
ECRX5222000152,000BC214DD71
ECRX4022000071,000BC214DCCE
ECRX5222000082,000BC214DD2B
