serialNumber,macAddress,type,registrationStatus,accessToken,desiredConfigurationTemplate,desiredConfigurationMd5,desiredConfigurationSize
ECRX3623000001,000BC21713F4,P300,ACTIVATED,00185803000bc21713f4,CFG-0001-0100-PROXY-20230131-FTPS-v1.tar.gz,9768cbe43fa48cec894443e8c03ed399,630
ECRX3623000002,000BC21713F5,P300,ACTIVATED,00185803000bc21713f5,CFG-0001-0100-PROXY-20230131-FTPS-v1.tar.gz,9768cbe43fa48cec894443e8c03ed399,630
ECRX3623000003,000BC21713F6,P300,ACTIVATED,00185803000bc21713f6,CFG-0001-0100-PROXY-20230131-FTPS-v1.tar.gz,9768cbe43fa48cec894443e8c03ed399,630
ECRX3623000004,000BC21713F7,P300,ACTIVATED,00185803000bc21713f7,CFG-0001-0100-PROXY-20230131-FTPS-v1.tar.gz,9768cbe43fa48cec894443e8c03ed399,630
ECRX3623000005,000BC21713F8,P300,ACTIVATED,00185803000bc21713f8,CFG-0001-0100-PROXY-20230131-FTPS-v1.tar.gz,9768cbe43fa48cec894443e8c03ed399,630
ECRX3623000006,000BC21713F9,P300,ACTIVATED,00185803000bc21713f9,CFG-0001-0100-PROXY-20230131-FTPS-v1.tar.gz,9768cbe43fa48cec894443e8c03ed399,630
ECRX3623000007,000BC21713FA,P300,ACTIVATED,00185803000bc21713fa,CFG-0001-0100-PROXY-20230131-FTPS-v1.tar.gz,9768cbe43fa48cec894443e8c03ed399,630
ECRX3623000008,000BC21713FB,P300,ACTIVATED,00185803000bc21713fb,CFG-0001-0100-PROXY-20230131-FTPS-v1.tar.gz,9768cbe43fa48cec894443e8c03ed399,630
ECRX3623000009,000BC21713FC,P300,ACTIVATED,00185803000bc21713fc,CFG-0001-0100-PROXY-20230131-FTPS-v1.tar.gz,9768cbe43fa48cec894443e8c03ed399,630
ECRX3623000010,000BC21713FD,P300,ACTIVATED,00185803000bc21713fd,CFG-0001-0100-PROXY-20230131-FTPS-v1.tar.gz,9768cbe43fa48cec894443e8c03ed399,630
ECRX3623000011,000BC21713FE,P300,ACTIVATED,00185803000bc21713fe,CFG-0001-0100-PROXY-20230131-FTPS-v1.tar.gz,9768cbe43fa48cec894443e8c03ed399,630
ECRX3623000012,000BC21713FF,P300,ACTIVATED,00185803000bc21713ff,CFG-0001-0100-PROXY-20230131-FTPS-v1.tar.gz,9768cbe43fa48cec894443e8c03ed399,630
ECRX3623000013,000BC2171400,P300,ACTIVATED,00185803000bc2171400,CFG-0001-0100-PROXY-20230131-FTPS-v1.tar.gz,9768cbe43fa48cec894443e8c03ed399,630
ECRX3623000014,000BC2171401,P300,ACTIVATED,00185803000bc2171401,CFG-0001-0100-PROXY-20230131-FTPS-v1.tar.gz,9768cbe43fa48cec894443e8c03ed399,630
ECRX3623000015,000BC2171402,P300,ACTIVATED,00185803000bc2171402,CFG-0001-0100-PROXY-20230131-FTPS-v1.tar.gz,9768cbe43fa48cec894443e8c03ed399,630
ECRX3623000016,000BC2171403,P300,ACTIVATED,00185803000bc2171403,CFG-0001-0100-PROXY-20230131-FTPS-v1.tar.gz,9768cbe43fa48cec894443e8c03ed399,630
ECRX3623000017,000BC2171404,P300,ACTIVATED,00185803000bc2171404,CFG-0001-0100-PROXY-20230131-FTPS-v1.tar.gz,9768cbe43fa48cec894443e8c03ed399,630
ECRX3623000018,000BC2171405,P300,ACTIVATED,00185803000bc2171405,CFG-0001-0100-PROXY-20230131-FTPS-v1.tar.gz,9768cbe43fa48cec894443e8c03ed399,630
ECRX3623000019,000BC2171406,P300,ACTIVATED,00185803000bc2171406,CFG-0001-0100-PROXY-20230131-FTPS-v1.tar.gz,9768cbe43fa48cec894443e8c03ed399,630
ECRX3623000020,000BC2171407,P300,ACTIVATED,00185803000bc2171407,CFG-0001-0100-PROXY-20230131-FTPS-v1.tar.gz,9768cbe43fa48cec894443e8c03ed399,630
ECRX3623000021,000BC2171408,P300,ACTIVATED,00185803000bc2171408,CFG-0001-0100-PROXY-20230131-FTPS-v1.tar.gz,9768cbe43fa48cec894443e8c03ed399,630
ECRX3623000022,000BC2171409,P300,ACTIVATED,00185803000bc2171409,CFG-0001-0100-PROXY-20230131-FTPS-v1.tar.gz,9768cbe43fa48cec894443e8c03ed399,630
ECRX3623000023,000BC217140A,P300,ACTIVATED,00185803000bc217140a,CFG-0001-0100-PROXY-20230131-FTPS-v1.tar.gz,9768cbe43fa48cec894443e8c03ed399,630
ECRX3623000024,000BC217140B,P300,ACTIVATED,00185803000bc217140b,CFG-0001-0100-PROXY-20230131-FTPS-v1.tar.gz,9768cbe43fa48cec894443e8c03ed399,630
ECRX3623000025,000BC217140C,P300,ACTIVATED,00185803000bc217140c,CFG-0001-0100-PROXY-20230131-FTPS-v1.tar.gz,9768cbe43fa48cec894443e8c03ed399,630
ECRX3623000026,000BC217140D,P300,ACTIVATED,00185803000bc217140d,CFG-0001-0100-PROXY-20230131-FTPS-v1.tar.gz,9768cbe43fa48cec894443e8c03ed399,630
ECRX3623000027,000BC217140E,P300,ACTIVATED,00185803000bc217140e,CFG-0001-0100-PROXY-20230131-FTPS-v1.tar.gz,9768cbe43fa48cec894443e8c03ed399,630
ECRX3623000028,000BC217140F,P300,ACTIVATED,00185803000bc217140f,CFG-0001-0100-PROXY-20230131-FTPS-v1.tar.gz,9768cbe43fa48cec894443e8c03ed399,630
ECRX3623000029,000BC2171410,P300,ACTIVATED,00185803000bc2171410,CFG-0001-0100-PROXY-20230131-FTPS-v1.tar.gz,9768cbe43fa48cec894443e8c03ed399,630
ECRX3623000030,000BC2171411,P300,ACTIVATED,00185803000bc2171411,CFG-0001-0100-PROXY-20230131-FTPS-v1.tar.gz,9768cbe43fa48cec894443e8c03ed399,630
ECRX3623000031,000BC2171412,P300,ACTIVATED,00185803000bc2171412,CFG-0001-0100-PROXY-20230131-FTPS-v1.tar.gz,9768cbe43fa48cec894443e8c03ed399,630
ECRX3623000032,000BC2171413,P300,ACTIVATED,00185803000bc2171413,CFG-0001-0100-PROXY-20230131-FTPS-v1.tar.gz,9768cbe43fa48cec894443e8c03ed399,630
ECRX3623000033,000BC2171414,P300,ACTIVATED,00185803000bc2171414,CFG-0001-0100-PROXY-20230131-FTPS-v1.tar.gz,9768cbe43fa48cec894443e8c03ed399,630
ECRX3623000034,000BC2171415,P300,ACTIVATED,00185803000bc2171415,CFG-0001-0100-PROXY-20230131-FTPS-v1.tar.gz,9768cbe43fa48cec894443e8c03ed399,630
ECRX3623000035,000BC2171416,P300,ACTIVATED,00185803000bc2171416,CFG-0001-0100-PROXY-20230131-FTPS-v1.tar.gz,9768cbe43fa48cec894443e8c03ed399,630
ECRX3623000036,000BC2171417,P300,ACTIVATED,00185803000bc2171417,CFG-0001-0100-PROXY-20230131-FTPS-v1.tar.gz,9768cbe43fa48cec894443e8c03ed399,630
ECRX3623000037,000BC2171418,P300,ACTIVATED,00185803000bc2171418,CFG-0001-0100-PROXY-20230131-FTPS-v1.tar.gz,9768cbe43fa48cec894443e8c03ed399,630
ECRX3623000038,000BC2171419,P300,ACTIVATED,00185803000bc2171419,CFG-0001-0100-PROXY-20230131-FTPS-v1.tar.gz,9768cbe43fa48cec894443e8c03ed399,630
ECRX3623000039,000BC217141A,P300,ACTIVATED,00185803000bc217141a,CFG-0001-0100-PROXY-20230131-FTPS-v1.tar.gz,9768cbe43fa48cec894443e8c03ed399,630
ECRX3623000040,000BC217141B,P300,ACTIVATED,00185803000bc217141b,CFG-0001-0100-PROXY-20230131-FTPS-v1.tar.gz,9768cbe43fa48cec894443e8c03ed399,630
ECRX3623000041,000BC217141C,P300,ACTIVATED,00185803000bc217141c,CFG-0001-0100-PROXY-20230131-FTPS-v1.tar.gz,9768cbe43fa48cec894443e8c03ed399,630
ECRX3623000042,000BC217141D,P300,ACTIVATED,00185803000bc217141d,CFG-0001-0100-PROXY-20230131-FTPS-v1.tar.gz,9768cbe43fa48cec894443e8c03ed399,630
ECRX3623000043,000BC217141E,P300,ACTIVATED,00185803000bc217141e,CFG-0001-0100-PROXY-20230131-FTPS-v1.tar.gz,9768cbe43fa48cec894443e8c03ed399,630
ECRX3623000044,000BC217141F,P300,ACTIVATED,00185803000bc217141f,CFG-0001-0100-PROXY-20230131-FTPS-v1.tar.gz,9768cbe43fa48cec894443e8c03ed399,630
ECRX3623000045,000BC2171420,P300,ACTIVATED,00185803000bc2171420,CFG-0001-0100-PROXY-20230131-FTPS-v1.tar.gz,9768cbe43fa48cec894443e8c03ed399,630
ECRX3623000046,000BC2171421,P300,ACTIVATED,00185803000bc2171421,CFG-0001-0100-PROXY-20230131-FTPS-v1.tar.gz,9768cbe43fa48cec894443e8c03ed399,630
ECRX3623000047,000BC2171422,P300,ACTIVATED,00185803000bc2171422,CFG-0001-0100-PROXY-20230131-FTPS-v1.tar.gz,9768cbe43fa48cec894443e8c03ed399,630
ECRX3623000048,000BC2171423,P300,ACTIVATED,00185803000bc2171423,CFG-0001-0100-PROXY-20230131-FTPS-v1.tar.gz,9768cbe43fa48cec894443e8c03ed399,630
ECRX3623000049,000BC2171424,P300,ACTIVATED,00185803000bc2171424,CFG-0001-0100-PROXY-20230131-FTPS-v1.tar.gz,9768cbe43fa48cec894443e8c03ed399,630
ECRX3623000050,000BC2171425,P300,ACTIVATED,00185803000bc2171425,CFG-0001-0100-PROXY-20230131-FTPS-v1.tar.gz,9768cbe43fa48cec894443e8c03ed399,630
ECRX3623000051,000BC2171426,P300,ACTIVATED,00185803000bc2171426,CFG-0001-0100-PROXY-20230131-FTPS-v1.tar.gz,9768cbe43fa48cec894443e8c03ed399,630
ECRX3623000052,000BC2171427,P300,ACTIVATED,00185803000bc2171427,CFG-0001-0100-PROXY-20230131-FTPS-v1.tar.gz,9768cbe43fa48cec894443e8c03ed399,630
ECRX3623000053,000BC2171428,P300,ACTIVATED,00185803000bc2171428,CFG-0001-0100-PROXY-20230131-FTPS-v1.tar.gz,9768cbe43fa48cec894443e8c03ed399,630
ECRX3623000054,000BC2171429,P300,ACTIVATED,00185803000bc2171429,CFG-0001-0100-PROXY-20230131-FTPS-v1.tar.gz,9768cbe43fa48cec894443e8c03ed399,630
ECRX3623000055,000BC217142A,P300,ACTIVATED,00185803000bc217142a,CFG-0001-0100-PROXY-20230131-FTPS-v1.tar.gz,9768cbe43fa48cec894443e8c03ed399,630
ECRX3623000056,000BC217142B,P300,ACTIVATED,00185803000bc217142b,CFG-0001-0100-PROXY-20230131-FTPS-v1.tar.gz,9768cbe43fa48cec894443e8c03ed399,630
ECRX3623000057,000BC217142C,P300,ACTIVATED,00185803000bc217142c,CFG-0001-0100-PROXY-20230131-FTPS-v1.tar.gz,9768cbe43fa48cec894443e8c03ed399,630
ECRX3623000058,000BC217142D,P300,ACTIVATED,00185803000bc217142d,CFG-0001-0100-PROXY-20230131-FTPS-v1.tar.gz,9768cbe43fa48cec894443e8c03ed399,630
ECRX3623000059,000BC217142E,P300,ACTIVATED,00185803000bc217142e,CFG-0001-0100-PROXY-20230131-FTPS-v1.tar.gz,9768cbe43fa48cec894443e8c03ed399,630
ECRX3623000060,000BC217142F,P300,ACTIVATED,00185803000bc217142f,CFG-0001-0100-PROXY-20230131-FTPS-v1.tar.gz,9768cbe43fa48cec894443e8c03ed399,630
ECRX3623000061,000BC2171430,P300,ACTIVATED,00185803000bc2171430,CFG-0001-0100-PROXY-20230131-FTPS-v1.tar.gz,9768cbe43fa48cec894443e8c03ed399,630
ECRX3623000062,000BC2171431,P300,ACTIVATED,00185803000bc2171431,CFG-0001-0100-PROXY-20230131-FTPS-v1.tar.gz,9768cbe43fa48cec894443e8c03ed399,630
ECRX3623000063,000BC2171432,P300,ACTIVATED,00185803000bc2171432,CFG-0001-0100-PROXY-20230131-FTPS-v1.tar.gz,9768cbe43fa48cec894443e8c03ed399,630
ECRX3623000064,000BC2171433,P300,ACTIVATED,00185803000bc2171433,CFG-0001-0100-PROXY-20230131-FTPS-v1.tar.gz,9768cbe43fa48cec894443e8c03ed399,630
ECRX3623000065,000BC2171434,P300,ACTIVATED,00185803000bc2171434,CFG-0001-0100-PROXY-20230131-FTPS-v1.tar.gz,9768cbe43fa48cec894443e8c03ed399,630
ECRX3623000066,000BC2171435,P300,ACTIVATED,00185803000bc2171435,CFG-0001-0100-PROXY-20230131-FTPS-v1.tar.gz,9768cbe43fa48cec894443e8c03ed399,630
ECRX3623000067,000BC2171436,P300,ACTIVATED,00185803000bc2171436,CFG-0001-0100-PROXY-20230131-FTPS-v1.tar.gz,9768cbe43fa48cec894443e8c03ed399,630
ECRX3623000068,000BC2171437,P300,ACTIVATED,00185803000bc2171437,CFG-0001-0100-PROXY-20230131-FTPS-v1.tar.gz,9768cbe43fa48cec894443e8c03ed399,630
ECRX3623000069,000BC2171438,P300,ACTIVATED,00185803000bc2171438,CFG-0001-0100-PROXY-20230131-FTPS-v1.tar.gz,9768cbe43fa48cec894443e8c03ed399,630
ECRX3623000070,000BC2171439,P300,ACTIVATED,00185803000bc2171439,CFG-0001-0100-PROXY-20230131-FTPS-v1.tar.gz,9768cbe43fa48cec894443e8c03ed399,630
ECRX3623000071,000BC217143A,P300,ACTIVATED,00185803000bc217143a,CFG-0001-0100-PROXY-20230131-FTPS-v1.tar.gz,9768cbe43fa48cec894443e8c03ed399,630
ECRX3623000072,000BC217143B,P300,ACTIVATED,00185803000bc217143b,CFG-0001-0100-PROXY-20230131-FTPS-v1.tar.gz,9768cbe43fa48cec894443e8c03ed399,630
ECRX3623000073,000BC217143C,P300,ACTIVATED,00185803000bc217143c,CFG-0001-0100-PROXY-20230131-FTPS-v1.tar.gz,9768cbe43fa48cec894443e8c03ed399,630
ECRX3623000074,000BC217143D,P300,ACTIVATED,00185803000bc217143d,CFG-0001-0100-PROXY-20230131-FTPS-v1.tar.gz,9768cbe43fa48cec894443e8c03ed399,630
ECRX3623000075,000BC217143E,P300,ACTIVATED,00185803000bc217143e,CFG-0001-0100-PROXY-20230131-FTPS-v1.tar.gz,9768cbe43fa48cec894443e8c03ed399,630
ECRX3623000076,000BC217143F,P300,ACTIVATED,00185803000bc217143f,CFG-0001-0100-PROXY-20230131-FTPS-v1.tar.gz,9768cbe43fa48cec894443e8c03ed399,630
ECRX3623000077,000BC2171440,P300,ACTIVATED,00185803000bc2171440,CFG-0001-0100-PROXY-20230131-FTPS-v1.tar.gz,9768cbe43fa48cec894443e8c03ed399,630
ECRX3623000078,000BC2171441,P300,ACTIVATED,00185803000bc2171441,CFG-0001-0100-PROXY-20230131-FTPS-v1.tar.gz,9768cbe43fa48cec894443e8c03ed399,630
ECRX3623000079,000BC2171442,P300,ACTIVATED,00185803000bc2171442,CFG-0001-0100-PROXY-20230131-FTPS-v1.tar.gz,9768cbe43fa48cec894443e8c03ed399,630
ECRX3623000080,000BC2171443,P300,ACTIVATED,00185803000bc2171443,CFG-0001-0100-PROXY-20230131-FTPS-v1.tar.gz,9768cbe43fa48cec894443e8c03ed399,630
ECRX3623000081,000BC2171444,P300,ACTIVATED,00185803000bc2171444,CFG-0001-0100-PROXY-20230131-FTPS-v1.tar.gz,9768cbe43fa48cec894443e8c03ed399,630
ECRX3623000082,000BC2171445,P300,ACTIVATED,00185803000bc2171445,CFG-0001-0100-PROXY-20230131-FTPS-v1.tar.gz,9768cbe43fa48cec894443e8c03ed399,630
ECRX3623000083,000BC2171446,P300,ACTIVATED,00185803000bc2171446,CFG-0001-0100-PROXY-20230131-FTPS-v1.tar.gz,9768cbe43fa48cec894443e8c03ed399,630
ECRX3623000084,000BC2171447,P300,ACTIVATED,00185803000bc2171447,CFG-0001-0100-PROXY-20230131-FTPS-v1.tar.gz,9768cbe43fa48cec894443e8c03ed399,630
ECRX3623000085,000BC2171448,P300,ACTIVATED,00185803000bc2171448,CFG-0001-0100-PROXY-20230131-FTPS-v1.tar.gz,9768cbe43fa48cec894443e8c03ed399,630
ECRX3623000086,000BC2171449,P300,ACTIVATED,00185803000bc2171449,CFG-0001-0100-PROXY-20230131-FTPS-v1.tar.gz,9768cbe43fa48cec894443e8c03ed399,630
ECRX3623000087,000BC217144A,P300,ACTIVATED,00185803000bc217144a,CFG-0001-0100-PROXY-20230131-FTPS-v1.tar.gz,9768cbe43fa48cec894443e8c03ed399,630
ECRX3623000088,000BC217144B,P300,ACTIVATED,00185803000bc217144b,CFG-0001-0100-PROXY-20230131-FTPS-v1.tar.gz,9768cbe43fa48cec894443e8c03ed399,630
ECRX3623000089,000BC217144C,P300,ACTIVATED,00185803000bc217144c,CFG-0001-0100-PROXY-20230131-FTPS-v1.tar.gz,9768cbe43fa48cec894443e8c03ed399,630
ECRX3623000090,000BC217144D,P300,ACTIVATED,00185803000bc217144d,CFG-0001-0100-PROXY-20230131-FTPS-v1.tar.gz,9768cbe43fa48cec894443e8c03ed399,630
ECRX3623000091,000BC217144E,P300,ACTIVATED,00185803000bc217144e,CFG-0001-0100-PROXY-20230131-FTPS-v1.tar.gz,9768cbe43fa48cec894443e8c03ed399,630
ECRX3623000092,000BC217144F,P300,ACTIVATED,00185803000bc217144f,CFG-0001-0100-PROXY-20230131-FTPS-v1.tar.gz,9768cbe43fa48cec894443e8c03ed399,630
ECRX3623000093,000BC2171450,P300,ACTIVATED,00185803000bc2171450,CFG-0001-0100-PROXY-20230131-FTPS-v1.tar.gz,9768cbe43fa48cec894443e8c03ed399,630
ECRX3623000094,000BC2171451,P300,ACTIVATED,00185803000bc2171451,CFG-0001-0100-PROXY-20230131-FTPS-v1.tar.gz,9768cbe43fa48cec894443e8c03ed399,630
ECRX3623000095,000BC2171452,P300,ACTIVATED,00185803000bc2171452,CFG-0001-0100-PROXY-20230131-FTPS-v1.tar.gz,9768cbe43fa48cec894443e8c03ed399,630
ECRX3623000096,000BC2171453,P300,ACTIVATED,00185803000bc2171453,CFG-0001-0100-PROXY-20230131-FTPS-v1.tar.gz,9768cbe43fa48cec894443e8c03ed399,630
ECRX3623000097,000BC2171454,P300,ACTIVATED,00185803000bc2171454,CFG-0001-0100-PROXY-20230131-FTPS-v1.tar.gz,9768cbe43fa48cec894443e8c03ed399,630
ECRX3623000098,000BC2171455,P300,ACTIVATED,00185803000bc2171455,CFG-0001-0100-PROXY-20230131-FTPS-v1.tar.gz,9768cbe43fa48cec894443e8c03ed399,630
ECRX3623000099,000BC2171456,P300,ACTIVATED,00185803000bc2171456,CFG-0001-0100-PROXY-20230131-FTPS-v1.tar.gz,9768cbe43fa48cec894443e8c03ed399,630
ECRX3623000100,000BC2171457,P300,ACTIVATED,00185803000bc2171457,CFG-0001-0100-PROXY-20230131-FTPS-v1.tar.gz,9768cbe43fa48cec894443e8c03ed399,630
ECRX3623000101,000BC2171458,P300,ACTIVATED,00185803000bc2171458,CFG-0001-0100-PROXY-20230131-FTPS-v1.tar.gz,9768cbe43fa48cec894443e8c03ed399,630
ECRX3623000102,000BC2171459,P300,ACTIVATED,00185803000bc2171459,CFG-0001-0100-PROXY-20230131-FTPS-v1.tar.gz,9768cbe43fa48cec894443e8c03ed399,630
ECRX3623000103,000BC217145A,P300,ACTIVATED,00185803000bc217145a,CFG-0001-0100-PROXY-20230131-FTPS-v1.tar.gz,9768cbe43fa48cec894443e8c03ed399,630
ECRX3623000104,000BC217145B,P300,ACTIVATED,00185803000bc217145b,CFG-0001-0100-PROXY-20230131-FTPS-v1.tar.gz,9768cbe43fa48cec894443e8c03ed399,630
ECRX3623000105,000BC217145C,P300,ACTIVATED,00185803000bc217145c,CFG-0001-0100-PROXY-20230131-FTPS-v1.tar.gz,9768cbe43fa48cec894443e8c03ed399,630
ECRX3623000106,000BC217145D,P300,ACTIVATED,00185803000bc217145d,CFG-0001-0100-PROXY-20230131-FTPS-v1.tar.gz,9768cbe43fa48cec894443e8c03ed399,630
ECRX3623000107,000BC217145E,P300,ACTIVATED,00185803000bc217145e,CFG-0001-0100-PROXY-20230131-FTPS-v1.tar.gz,9768cbe43fa48cec894443e8c03ed399,630
ECRX3623000108,000BC217145F,P300,ACTIVATED,00185803000bc217145f,CFG-0001-0100-PROXY-20230131-FTPS-v1.tar.gz,9768cbe43fa48cec894443e8c03ed399,630
ECRX3623000109,000BC2171460,P300,ACTIVATED,00185803000bc2171460,CFG-0001-0100-PROXY-20230131-FTPS-v1.tar.gz,9768cbe43fa48cec894443e8c03ed399,630
ECRX3623000110,000BC2171461,P300,ACTIVATED,00185803000bc2171461,CFG-0001-0100-PROXY-20230131-FTPS-v1.tar.gz,9768cbe43fa48cec894443e8c03ed399,630
ECRX3623000111,000BC2171462,P300,ACTIVATED,00185803000bc2171462,CFG-0001-0100-PROXY-20230131-FTPS-v1.tar.gz,9768cbe43fa48cec894443e8c03ed399,630
ECRX3623000112,000BC2171463,P300,ACTIVATED,00185803000bc2171463,CFG-0001-0100-PROXY-20230131-FTPS-v1.tar.gz,9768cbe43fa48cec894443e8c03ed399,630
ECRX3623000113,000BC2171464,P300,ACTIVATED,00185803000bc2171464,CFG-0001-0100-PROXY-20230131-FTPS-v1.tar.gz,9768cbe43fa48cec894443e8c03ed399,630
ECRX3623000114,000BC2171465,P300,ACTIVATED,00185803000bc2171465,CFG-0001-0100-PROXY-20230131-FTPS-v1.tar.gz,9768cbe43fa48cec894443e8c03ed399,630
ECRX3623000115,000BC2171466,P300,ACTIVATED,00185803000bc2171466,CFG-0001-0100-PROXY-20230131-FTPS-v1.tar.gz,9768cbe43fa48cec894443e8c03ed399,630
ECRX3623000116,000BC2171467,P300,ACTIVATED,00185803000bc2171467,CFG-0001-0100-PROXY-20230131-FTPS-v1.tar.gz,9768cbe43fa48cec894443e8c03ed399,630
ECRX3623000117,000BC2171468,P300,ACTIVATED,00185803000bc2171468,CFG-0001-0100-PROXY-20230131-FTPS-v1.tar.gz,9768cbe43fa48cec894443e8c03ed399,630
ECRX3623000118,000BC2171469,P300,ACTIVATED,00185803000bc2171469,CFG-0001-0100-PROXY-20230131-FTPS-v1.tar.gz,9768cbe43fa48cec894443e8c03ed399,630
ECRX3623000119,000BC217146A,P300,ACTIVATED,00185803000bc217146a,CFG-0001-0100-PROXY-20230131-FTPS-v1.tar.gz,9768cbe43fa48cec894443e8c03ed399,630
ECRX3623000120,000BC217146B,P300,ACTIVATED,00185803000bc217146b,CFG-0001-0100-PROXY-20230131-FTPS-v1.tar.gz,9768cbe43fa48cec894443e8c03ed399,630
ECRX3623000121,000BC217146C,P300,ACTIVATED,00185803000bc217146c,CFG-0001-0100-PROXY-20230131-FTPS-v1.tar.gz,9768cbe43fa48cec894443e8c03ed399,630
ECRX3623000122,000BC217146D,P300,ACTIVATED,00185803000bc217146d,CFG-0001-0100-PROXY-20230131-FTPS-v1.tar.gz,9768cbe43fa48cec894443e8c03ed399,630
ECRX3623000123,000BC217146E,P300,ACTIVATED,00185803000bc217146e,CFG-0001-0100-PROXY-20230131-FTPS-v1.tar.gz,9768cbe43fa48cec894443e8c03ed399,630
ECRX1823000003,000BC216FDB6,P300,ACTIVATED,00185803000bc216fdb6,CFG-0001-0100-PROXY-20230131-FTPS-v1.tar.gz,9768cbe43fa48cec894443e8c03ed399,630
ECRX1823000007,000BC216FDBA,P300,ACTIVATED,00185803000bc216fdba,CFG-0001-0100-PROXY-20230131-FTPS-v1.tar.gz,9768cbe43fa48cec894443e8c03ed399,630
ECRX1823000009,000BC216FDBC,P300,ACTIVATED,00185803000bc216fdbc,CFG-0001-0100-PROXY-20230131-FTPS-v1.tar.gz,9768cbe43fa48cec894443e8c03ed399,630
ECRX1823000011,000BC216FDBE,P300,ACTIVATED,00185803000bc216fdbe,CFG-0001-0100-PROXY-20230131-FTPS-v1.tar.gz,9768cbe43fa48cec894443e8c03ed399,630
ECRX1823000012,000BC216FDBF,P300,ACTIVATED,00185803000bc216fdbf,CFG-0001-0100-PROXY-20230131-FTPS-v1.tar.gz,9768cbe43fa48cec894443e8c03ed399,630
ECRX1823000014,000BC216FDC1,P300,ACTIVATED,00185803000bc216fdc1,CFG-0001-0100-PROXY-20230131-FTPS-v1.tar.gz,9768cbe43fa48cec894443e8c03ed399,630
ECRX1823000015,000BC216FDC2,P300,ACTIVATED,00185803000bc216fdc2,CFG-0001-0100-PROXY-20230131-FTPS-v1.tar.gz,9768cbe43fa48cec894443e8c03ed399,630
ECRX1823000023,000BC216FDCA,P300,ACTIVATED,00185803000bc216fdca,CFG-0001-0100-PROXY-20230131-FTPS-v1.tar.gz,9768cbe43fa48cec894443e8c03ed399,630
ECRX1823000027,000BC216FDCE,P300,ACTIVATED,00185803000bc216fdce,CFG-0001-0100-PROXY-20230131-FTPS-v1.tar.gz,9768cbe43fa48cec894443e8c03ed399,630
ECRX1823000031,000BC216FDD2,P300,ACTIVATED,00185803000bc216fdd2,CFG-0001-0100-PROXY-20230131-FTPS-v1.tar.gz,9768cbe43fa48cec894443e8c03ed399,630
ECRX1823000033,000BC216FDD4,P300,ACTIVATED,00185803000bc216fdd4,CFG-0001-0100-PROXY-20230131-FTPS-v1.tar.gz,9768cbe43fa48cec894443e8c03ed399,630
ECRX1823000036,000BC216FDD7,P300,ACTIVATED,00185803000bc216fdd7,CFG-0001-0100-PROXY-20230131-FTPS-v1.tar.gz,9768cbe43fa48cec894443e8c03ed399,630
ECRX1823000056,000BC216FDEB,P300,ACTIVATED,00185803000bc216fdeb,CFG-0001-0100-PROXY-20230131-FTPS-v1.tar.gz,9768cbe43fa48cec894443e8c03ed399,630
ECRX1823000057,000BC216FDEC,P300,ACTIVATED,00185803000bc216fdec,CFG-0001-0100-PROXY-20230131-FTPS-v1.tar.gz,9768cbe43fa48cec894443e8c03ed399,630
ECRX1823000059,000BC216FDEE,P300,ACTIVATED,00185803000bc216fdee,CFG-0001-0100-PROXY-20230131-FTPS-v1.tar.gz,9768cbe43fa48cec894443e8c03ed399,630
ECRX1823000062,000BC216FDF1,P300,ACTIVATED,00185803000bc216fdf1,CFG-0001-0100-PROXY-20230131-FTPS-v1.tar.gz,9768cbe43fa48cec894443e8c03ed399,630
ECRX1823000064,000BC216FDF3,P300,ACTIVATED,00185803000bc216fdf3,CFG-0001-0100-PROXY-20230131-FTPS-v1.tar.gz,9768cbe43fa48cec894443e8c03ed399,630
ECRX1823000066,000BC216FDF5,P300,ACTIVATED,00185803000bc216fdf5,CFG-0001-0100-PROXY-20230131-FTPS-v1.tar.gz,9768cbe43fa48cec894443e8c03ed399,630
ECRX1823000069,000BC216FDF8,P300,ACTIVATED,00185803000bc216fdf8,CFG-0001-0100-PROXY-20230131-FTPS-v1.tar.gz,9768cbe43fa48cec894443e8c03ed399,630
ECRX1823000070,000BC216FDF9,P300,ACTIVATED,00185803000bc216fdf9,CFG-0001-0100-PROXY-20230131-FTPS-v1.tar.gz,9768cbe43fa48cec894443e8c03ed399,630
ECRX1823000074,000BC216FDFD,P300,ACTIVATED,00185803000bc216fdfd,CFG-0001-0100-PROXY-20230131-FTPS-v1.tar.gz,9768cbe43fa48cec894443e8c03ed399,630
ECRX1823000076,000BC216FDFF,P300,ACTIVATED,00185803000bc216fdff,CFG-0001-0100-PROXY-20230131-FTPS-v1.tar.gz,9768cbe43fa48cec894443e8c03ed399,630
ECRX1823000083,000BC216FE06,P300,ACTIVATED,00185803000bc216fe06,CFG-0001-0100-PROXY-20230131-FTPS-v1.tar.gz,9768cbe43fa48cec894443e8c03ed399,630
ECRX1823000085,000BC216FE08,P300,ACTIVATED,00185803000bc216fe08,CFG-0001-0100-PROXY-20230131-FTPS-v1.tar.gz,9768cbe43fa48cec894443e8c03ed399,630
ECRX1823000087,000BC216FE0A,P300,ACTIVATED,00185803000bc216fe0a,CFG-0001-0100-PROXY-20230131-FTPS-v1.tar.gz,9768cbe43fa48cec894443e8c03ed399,630
ECRX1823000089,000BC216FE0C,P300,ACTIVATED,00185803000bc216fe0c,CFG-0001-0100-PROXY-20230131-FTPS-v1.tar.gz,9768cbe43fa48cec894443e8c03ed399,630
ECRX1823000095,000BC216FE12,P300,ACTIVATED,00185803000bc216fe12,CFG-0001-0100-PROXY-20230131-FTPS-v1.tar.gz,9768cbe43fa48cec894443e8c03ed399,630
ECRX1823000096,000BC216FE13,P300,ACTIVATED,00185803000bc216fe13,CFG-0001-0100-PROXY-20230131-FTPS-v1.tar.gz,9768cbe43fa48cec894443e8c03ed399,630
ECRX1823000097,000BC216FE14,P300,ACTIVATED,00185803000bc216fe14,CFG-0001-0100-PROXY-20230131-FTPS-v1.tar.gz,9768cbe43fa48cec894443e8c03ed399,630
ECRX1823000106,000BC216FE1D,P300,ACTIVATED,00185803000bc216fe1d,CFG-0001-0100-PROXY-20230131-FTPS-v1.tar.gz,9768cbe43fa48cec894443e8c03ed399,630
ECRX1823000108,000BC216FE1F,P300,ACTIVATED,00185803000bc216fe1f,CFG-0001-0100-PROXY-20230131-FTPS-v1.tar.gz,9768cbe43fa48cec894443e8c03ed399,630
ECRX1823000109,000BC216FE20,P300,ACTIVATED,00185803000bc216fe20,CFG-0001-0100-PROXY-20230131-FTPS-v1.tar.gz,9768cbe43fa48cec894443e8c03ed399,630
ECRX1823000110,000BC216FE21,P300,ACTIVATED,00185803000bc216fe21,CFG-0001-0100-PROXY-20230131-FTPS-v1.tar.gz,9768cbe43fa48cec894443e8c03ed399,630
ECRX1823000111,000BC216FE22,P300,ACTIVATED,00185803000bc216fe22,CFG-0001-0100-PROXY-20230131-FTPS-v1.tar.gz,9768cbe43fa48cec894443e8c03ed399,630
ECRX1823000124,000BC216FE2F,P300,ACTIVATED,00185803000bc216fe2f,CFG-0001-0100-PROXY-20230131-FTPS-v1.tar.gz,9768cbe43fa48cec894443e8c03ed399,630
ECRX1823000126,000BC216FE31,P300,ACTIVATED,00185803000bc216fe31,CFG-0001-0100-PROXY-20230131-FTPS-v1.tar.gz,9768cbe43fa48cec894443e8c03ed399,630
ECRX1823000129,000BC216FE34,P300,ACTIVATED,00185803000bc216fe34,CFG-0001-0100-PROXY-20230131-FTPS-v1.tar.gz,9768cbe43fa48cec894443e8c03ed399,630
ECRX1823000130,000BC216FE35,P300,ACTIVATED,00185803000bc216fe35,CFG-0001-0100-PROXY-20230131-FTPS-v1.tar.gz,9768cbe43fa48cec894443e8c03ed399,630
ECRX1823000132,000BC216FE37,P300,ACTIVATED,00185803000bc216fe37,CFG-0001-0100-PROXY-20230131-FTPS-v1.tar.gz,9768cbe43fa48cec894443e8c03ed399,630
ECRX1823000138,000BC216FE3D,P300,ACTIVATED,00185803000bc216fe3d,CFG-0001-0100-PROXY-20230131-FTPS-v1.tar.gz,9768cbe43fa48cec894443e8c03ed399,630
ECRX1823000143,000BC216FE42,P300,ACTIVATED,00185803000bc216fe42,CFG-0001-0100-PROXY-20230131-FTPS-v1.tar.gz,9768cbe43fa48cec894443e8c03ed399,630
ECRX1823000145,000BC216FE44,P300,ACTIVATED,00185803000bc216fe44,CFG-0001-0100-PROXY-20230131-FTPS-v1.tar.gz,9768cbe43fa48cec894443e8c03ed399,630
ECRX1823000149,000BC216FE48,P300,ACTIVATED,00185803000bc216fe48,CFG-0001-0100-PROXY-20230131-FTPS-v1.tar.gz,9768cbe43fa48cec894443e8c03ed399,630
ECRX1823000150,000BC216FE49,P300,ACTIVATED,00185803000bc216fe49,CFG-0001-0100-PROXY-20230131-FTPS-v1.tar.gz,9768cbe43fa48cec894443e8c03ed399,630
ECRX1823000151,000BC216FE4A,P300,ACTIVATED,00185803000bc216fe4a,CFG-0001-0100-PROXY-20230131-FTPS-v1.tar.gz,9768cbe43fa48cec894443e8c03ed399,630
ECRX1823000152,000BC216FE4B,P300,ACTIVATED,00185803000bc216fe4b,CFG-0001-0100-PROXY-20230131-FTPS-v1.tar.gz,9768cbe43fa48cec894443e8c03ed399,630
ECRX1823000153,000BC216FE4C,P300,ACTIVATED,00185803000bc216fe4c,CFG-0001-0100-PROXY-20230131-FTPS-v1.tar.gz,9768cbe43fa48cec894443e8c03ed399,630
ECRX1823000154,000BC216FE4D,P300,ACTIVATED,00185803000bc216fe4d,CFG-0001-0100-PROXY-20230131-FTPS-v1.tar.gz,9768cbe43fa48cec894443e8c03ed399,630
ECRX1823000156,000BC216FE4F,P300,ACTIVATED,00185803000bc216fe4f,CFG-0001-0100-PROXY-20230131-FTPS-v1.tar.gz,9768cbe43fa48cec894443e8c03ed399,630
ECRX1823000157,000BC216FE50,P300,ACTIVATED,00185803000bc216fe50,CFG-0001-0100-PROXY-20230131-FTPS-v1.tar.gz,9768cbe43fa48cec894443e8c03ed399,630
ECRX1823000158,000BC216FE51,P300,ACTIVATED,00185803000bc216fe51,CFG-0001-0100-PROXY-20230131-FTPS-v1.tar.gz,9768cbe43fa48cec894443e8c03ed399,630
ECRX1823000159,000BC216FE52,P300,ACTIVATED,00185803000bc216fe52,CFG-0001-0100-PROXY-20230131-FTPS-v1.tar.gz,9768cbe43fa48cec894443e8c03ed399,630
ECRX1823000160,000BC216FE53,P300,ACTIVATED,00185803000bc216fe53,CFG-0001-0100-PROXY-20230131-FTPS-v1.tar.gz,9768cbe43fa48cec894443e8c03ed399,630
ECRX1823000161,000BC216FE54,P300,ACTIVATED,00185803000bc216fe54,CFG-0001-0100-PROXY-20230131-FTPS-v1.tar.gz,9768cbe43fa48cec894443e8c03ed399,630
ECRX1823000162,000BC216FE55,P300,ACTIVATED,00185803000bc216fe55,CFG-0001-0100-PROXY-20230131-FTPS-v1.tar.gz,9768cbe43fa48cec894443e8c03ed399,630
ECRX1823000163,000BC216FE56,P300,ACTIVATED,00185803000bc216fe56,CFG-0001-0100-PROXY-20230131-FTPS-v1.tar.gz,9768cbe43fa48cec894443e8c03ed399,630
ECRX1823000164,000BC216FE57,P300,ACTIVATED,00185803000bc216fe57,CFG-0001-0100-PROXY-20230131-FTPS-v1.tar.gz,9768cbe43fa48cec894443e8c03ed399,630
ECRX1823000165,000BC216FE58,P300,ACTIVATED,00185803000bc216fe58,CFG-0001-0100-PROXY-20230131-FTPS-v1.tar.gz,9768cbe43fa48cec894443e8c03ed399,630
ECRX1823000169,000BC216FE5C,P300,ACTIVATED,00185803000bc216fe5c,CFG-0001-0100-PROXY-20230131-FTPS-v1.tar.gz,9768cbe43fa48cec894443e8c03ed399,630
ECRX1823000170,000BC216FE5D,P300,ACTIVATED,00185803000bc216fe5d,CFG-0001-0100-PROXY-20230131-FTPS-v1.tar.gz,9768cbe43fa48cec894443e8c03ed399,630
ECRX1823000171,000BC216FE5E,P300,ACTIVATED,00185803000bc216fe5e,CFG-0001-0100-PROXY-20230131-FTPS-v1.tar.gz,9768cbe43fa48cec894443e8c03ed399,630
ECRX1823000172,000BC216FE5F,P300,ACTIVATED,00185803000bc216fe5f,CFG-0001-0100-PROXY-20230131-FTPS-v1.tar.gz,9768cbe43fa48cec894443e8c03ed399,630
ECRX1823000174,000BC216FE61,P300,ACTIVATED,00185803000bc216fe61,CFG-0001-0100-PROXY-20230131-FTPS-v1.tar.gz,9768cbe43fa48cec894443e8c03ed399,630
ECRX1823000175,000BC216FE62,P300,ACTIVATED,00185803000bc216fe62,CFG-0001-0100-PROXY-20230131-FTPS-v1.tar.gz,9768cbe43fa48cec894443e8c03ed399,630
ECRX1823000177,000BC216FE64,P300,ACTIVATED,00185803000bc216fe64,CFG-0001-0100-PROXY-20230131-FTPS-v1.tar.gz,9768cbe43fa48cec894443e8c03ed399,630
ECRX1823000181,000BC216FE68,P300,ACTIVATED,00185803000bc216fe68,CFG-0001-0100-PROXY-20230131-FTPS-v1.tar.gz,9768cbe43fa48cec894443e8c03ed399,630
ECRX1823000192,000BC216FE73,P300,ACTIVATED,00185803000bc216fe73,CFG-0001-0100-PROXY-20230131-FTPS-v1.tar.gz,9768cbe43fa48cec894443e8c03ed399,630
ECRX1823000198,000BC216FE79,P300,ACTIVATED,00185803000bc216fe79,CFG-0001-0100-PROXY-20230131-FTPS-v1.tar.gz,9768cbe43fa48cec894443e8c03ed399,630
ECRX1823000199,000BC216FE7A,P300,ACTIVATED,00185803000bc216fe7a,CFG-0001-0100-PROXY-20230131-FTPS-v1.tar.gz,9768cbe43fa48cec894443e8c03ed399,630
ECRX1823000200,000BC216FE7B,P300,ACTIVATED,00185803000bc216fe7b,CFG-0001-0100-PROXY-20230131-FTPS-v1.tar.gz,9768cbe43fa48cec894443e8c03ed399,630
ECRX1823000201,000BC216FE7C,P300,ACTIVATED,00185803000bc216fe7c,CFG-0001-0100-PROXY-20230131-FTPS-v1.tar.gz,9768cbe43fa48cec894443e8c03ed399,630
ECRX1823000209,000BC216FE84,P300,ACTIVATED,00185803000bc216fe84,CFG-0001-0100-PROXY-20230131-FTPS-v1.tar.gz,9768cbe43fa48cec894443e8c03ed399,630
ECRX1823000214,000BC216FE89,P300,ACTIVATED,00185803000bc216fe89,CFG-0001-0100-PROXY-20230131-FTPS-v1.tar.gz,9768cbe43fa48cec894443e8c03ed399,630
ECRX1823000216,000BC216FE8B,P300,ACTIVATED,00185803000bc216fe8b,CFG-0001-0100-PROXY-20230131-FTPS-v1.tar.gz,9768cbe43fa48cec894443e8c03ed399,630
ECRX1823000217,000BC216FE8C,P300,ACTIVATED,00185803000bc216fe8c,CFG-0001-0100-PROXY-20230131-FTPS-v1.tar.gz,9768cbe43fa48cec894443e8c03ed399,630
ECRX1823000220,000BC216FE8F,P300,ACTIVATED,00185803000bc216fe8f,CFG-0001-0100-PROXY-20230131-FTPS-v1.tar.gz,9768cbe43fa48cec894443e8c03ed399,630
ECRX1823000221,000BC216FE90,P300,ACTIVATED,00185803000bc216fe90,CFG-0001-0100-PROXY-20230131-FTPS-v1.tar.gz,9768cbe43fa48cec894443e8c03ed399,630
ECRX1823000224,000BC216FE93,P300,ACTIVATED,00185803000bc216fe93,CFG-0001-0100-PROXY-20230131-FTPS-v1.tar.gz,9768cbe43fa48cec894443e8c03ed399,630
ECRX1823000225,000BC216FE94,P300,ACTIVATED,00185803000bc216fe94,CFG-0001-0100-PROXY-20230131-FTPS-v1.tar.gz,9768cbe43fa48cec894443e8c03ed399,630
ECRX1823000231,000BC216FE9A,P300,ACTIVATED,00185803000bc216fe9a,CFG-0001-0100-PROXY-20230131-FTPS-v1.tar.gz,9768cbe43fa48cec894443e8c03ed399,630
ECRX1823000235,000BC216FE9E,P300,ACTIVATED,00185803000bc216fe9e,CFG-0001-0100-PROXY-20230131-FTPS-v1.tar.gz,9768cbe43fa48cec894443e8c03ed399,630
ECRX1823000236,000BC216FE9F,P300,ACTIVATED,00185803000bc216fe9f,CFG-0001-0100-PROXY-20230131-FTPS-v1.tar.gz,9768cbe43fa48cec894443e8c03ed399,630
ECRX1823000237,000BC216FEA0,P300,ACTIVATED,00185803000bc216fea0,CFG-0001-0100-PROXY-20230131-FTPS-v1.tar.gz,9768cbe43fa48cec894443e8c03ed399,630
ECRX1823000238,000BC216FEA1,P300,ACTIVATED,00185803000bc216fea1,CFG-0001-0100-PROXY-20230131-FTPS-v1.tar.gz,9768cbe43fa48cec894443e8c03ed399,630
ECRX1823000239,000BC216FEA2,P300,ACTIVATED,00185803000bc216fea2,CFG-0001-0100-PROXY-20230131-FTPS-v1.tar.gz,9768cbe43fa48cec894443e8c03ed399,630
ECRX1823000240,000BC216FEA3,P300,ACTIVATED,00185803000bc216fea3,CFG-0001-0100-PROXY-20230131-FTPS-v1.tar.gz,9768cbe43fa48cec894443e8c03ed399,630
ECRX1823000241,000BC216FEA4,P300,ACTIVATED,00185803000bc216fea4,CFG-0001-0100-PROXY-20230131-FTPS-v1.tar.gz,9768cbe43fa48cec894443e8c03ed399,630
ECRX1823000243,000BC216FEA6,P300,ACTIVATED,00185803000bc216fea6,CFG-0001-0100-PROXY-20230131-FTPS-v1.tar.gz,9768cbe43fa48cec894443e8c03ed399,630
ECRX1823000244,000BC216FEA7,P300,ACTIVATED,00185803000bc216fea7,CFG-0001-0100-PROXY-20230131-FTPS-v1.tar.gz,9768cbe43fa48cec894443e8c03ed399,630
ECRX1823000249,000BC216FEAC,P300,ACTIVATED,00185803000bc216feac,CFG-0001-0100-PROXY-20230131-FTPS-v1.tar.gz,9768cbe43fa48cec894443e8c03ed399,630
ECRX1823000250,000BC216FEAD,P300,ACTIVATED,00185803000bc216fead,CFG-0001-0100-PROXY-20230131-FTPS-v1.tar.gz,9768cbe43fa48cec894443e8c03ed399,630
ECRX1823000251,000BC216FEAE,P300,ACTIVATED,00185803000bc216feae,CFG-0001-0100-PROXY-20230131-FTPS-v1.tar.gz,9768cbe43fa48cec894443e8c03ed399,630
ECRX1823000252,000BC216FEAF,P300,ACTIVATED,00185803000bc216feaf,CFG-0001-0100-PROXY-20230131-FTPS-v1.tar.gz,9768cbe43fa48cec894443e8c03ed399,630
ECRX1823000253,000BC216FEB0,P300,ACTIVATED,00185803000bc216feb0,CFG-0001-0100-PROXY-20230131-FTPS-v1.tar.gz,9768cbe43fa48cec894443e8c03ed399,630
ECRX1823000254,000BC216FEB1,P300,ACTIVATED,00185803000bc216feb1,CFG-0001-0100-PROXY-20230131-FTPS-v1.tar.gz,9768cbe43fa48cec894443e8c03ed399,630
ECRX1823000255,000BC216FEB2,P300,ACTIVATED,00185803000bc216feb2,CFG-0001-0100-PROXY-20230131-FTPS-v1.tar.gz,9768cbe43fa48cec894443e8c03ed399,630
ECRX1823000256,000BC216FEB3,P300,ACTIVATED,00185803000bc216feb3,CFG-0001-0100-PROXY-20230131-FTPS-v1.tar.gz,9768cbe43fa48cec894443e8c03ed399,630
ECRX1823000257,000BC216FEB4,P300,ACTIVATED,00185803000bc216feb4,CFG-0001-0100-PROXY-20230131-FTPS-v1.tar.gz,9768cbe43fa48cec894443e8c03ed399,630
ECRX1823000258,000BC216FEB5,P300,ACTIVATED,00185803000bc216feb5,CFG-0001-0100-PROXY-20230131-FTPS-v1.tar.gz,9768cbe43fa48cec894443e8c03ed399,630
ECRX1823000259,000BC216FEB6,P300,ACTIVATED,00185803000bc216feb6,CFG-0001-0100-PROXY-20230131-FTPS-v1.tar.gz,9768cbe43fa48cec894443e8c03ed399,630
ECRX2122000054,000BC214DC36,P300,ACTIVATED,00185803000bc214dc36,CFG-0001-0100-PROXY-20230131-FTPS-v1.tar.gz,9768cbe43fa48cec894443e8c03ed399,630
ECRX2122000125,000BC214DC7D,P300,ACTIVATED,00185803000bc214dc7d,CFG-0001-0100-PROXY-20230131-FTPS-v1.tar.gz,9768cbe43fa48cec894443e8c03ed399,630
ECRX4022000016,000BC214DC97,P300,ACTIVATED,00185803000bc214dc97,CFG-0001-0100-PROXY-20230131-FTPS-v1.tar.gz,9768cbe43fa48cec894443e8c03ed399,630
ECRX4022000023,000BC214DC9E,P300,ACTIVATED,00185803000bc214dc9e,CFG-0001-0100-PROXY-20230131-FTPS-v1.tar.gz,9768cbe43fa48cec894443e8c03ed399,630
ECRX4022000058,000BC214DCC1,P300,ACTIVATED,00185803000bc214dcc1,CFG-0001-0100-PROXY-20230131-FTPS-v1.tar.gz,9768cbe43fa48cec894443e8c03ed399,630
ECRX4022000073,000BC214DCD0,P300,ACTIVATED,00185803000bc214dcd0,CFG-0001-0100-PROXY-20230131-FTPS-v1.tar.gz,9768cbe43fa48cec894443e8c03ed399,630
ECRX5222000034,000BC214DCFB,P300,ACTIVATED,00185803000bc214dcfb,CFG-0001-0100-PROXY-20230131-FTPS-v1.tar.gz,9768cbe43fa48cec894443e8c03ed399,630
ECRX5222000051,000BC214DD0C,P300,ACTIVATED,00185803000bc214dd0c,CFG-0001-0100-PROXY-20230131-FTPS-v1.tar.gz,9768cbe43fa48cec894443e8c03ed399,630
ECRX5222000054,000BC214DD0F,P300,ACTIVATED,00185803000bc214dd0f,CFG-0001-0100-PROXY-20230131-FTPS-v1.tar.gz,9768cbe43fa48cec894443e8c03ed399,630
ECRX5222000118,000BC214DD4F,P300,ACTIVATED,00185803000bc214dd4f,CFG-0001-0100-PROXY-20230131-FTPS-v1.tar.gz,9768cbe43fa48cec894443e8c03ed399,630
ECRX5222000130,000BC214DD5B,P300,ACTIVATED,00185803000bc214dd5b,CFG-0001-0100-PROXY-20230131-FTPS-v1.tar.gz,9768cbe43fa48cec894443e8c03ed399,630
ECRX5222000147,000BC214DD6C,P300,ACTIVATED,00185803000bc214dd6c,CFG-0001-0100-PROXY-20230131-FTPS-v1.tar.gz,9768cbe43fa48cec894443e8c03ed399,630
ECRX5222000157,000BC214DD76,P300,ACTIVATED,00185803000bc214dd76,CFG-0001-0100-PROXY-20230131-FTPS-v1.tar.gz,9768cbe43fa48cec894443e8c03ed399,630
ECRX5222000173,000BC214DD86,P300,ACTIVATED,00185803000bc214dd86,CFG-0001-0100-PROXY-20230131-FTPS-v1.tar.gz,9768cbe43fa48cec894443e8c03ed399,630
ECRX5222000187,000BC214DD94,P300,ACTIVATED,00185803000bc214dd94,CFG-0001-0100-PROXY-20230131-FTPS-v1.tar.gz,9768cbe43fa48cec894443e8c03ed399,630
ECRX5222000189,000BC214DD96,P300,ACTIVATED,00185803000bc214dd96,CFG-0001-0100-PROXY-20230131-FTPS-v1.tar.gz,9768cbe43fa48cec894443e8c03ed399,630
ECRX5222000205,000BC214DDA6,P300,ACTIVATED,00185803000bc214dda6,CFG-0001-0100-PROXY-20230131-FTPS-v1.tar.gz,9768cbe43fa48cec894443e8c03ed399,630
ECRX5222000206,000BC214DDA7,P300,ACTIVATED,00185803000bc214dda7,CFG-0001-0100-PROXY-20230131-FTPS-v1.tar.gz,9768cbe43fa48cec894443e8c03ed399,630
ECRX5222000207,000BC214DDA8,P300,ACTIVATED,00185803000bc214dda8,CFG-0001-0100-PROXY-20230131-FTPS-v1.tar.gz,9768cbe43fa48cec894443e8c03ed399,630
ECRX5222000208,000BC214DDA9,P300,ACTIVATED,00185803000bc214dda9,CFG-0001-0100-PROXY-20230131-FTPS-v1.tar.gz,9768cbe43fa48cec894443e8c03ed399,630
ECRX5222000209,000BC214DDAA,P300,ACTIVATED,00185803000bc214ddaa,CFG-0001-0100-PROXY-20230131-FTPS-v1.tar.gz,9768cbe43fa48cec894443e8c03ed399,630
ECRX5222000210,000BC214DDAB,P300,ACTIVATED,00185803000bc214ddab,CFG-0001-0100-PROXY-20230131-FTPS-v1.tar.gz,9768cbe43fa48cec894443e8c03ed399,630
ECRX5222000211,000BC214DDAC,P300,ACTIVATED,00185803000bc214ddac,CFG-0001-0100-PROXY-20230131-FTPS-v1.tar.gz,9768cbe43fa48cec894443e8c03ed399,630
ECRX5222000212,000BC214DDAD,P300,ACTIVATED,00185803000bc214ddad,CFG-0001-0100-PROXY-20230131-FTPS-v1.tar.gz,9768cbe43fa48cec894443e8c03ed399,630
ECRX5222000213,000BC214DDAE,P300,ACTIVATED,00185803000bc214ddae,CFG-0001-0100-PROXY-20230131-FTPS-v1.tar.gz,9768cbe43fa48cec894443e8c03ed399,630
ECRX5222000214,000BC214DDAF,P300,ACTIVATED,00185803000bc214ddaf,CFG-0001-0100-PROXY-20230131-FTPS-v1.tar.gz,9768cbe43fa48cec894443e8c03ed399,630
ECRX5222000215,000BC214DDB0,P300,ACTIVATED,00185803000bc214ddb0,CFG-0001-0100-PROXY-20230131-FTPS-v1.tar.gz,9768cbe43fa48cec894443e8c03ed399,630
ECRX5222000216,000BC214DDB1,P300,ACTIVATED,00185803000bc214ddb1,CFG-0001-0100-PROXY-20230131-FTPS-v1.tar.gz,9768cbe43fa48cec894443e8c03ed399,630
ECRX5222000217,000BC214DDB2,P300,ACTIVATED,00185803000bc214ddb2,CFG-0001-0100-PROXY-20230131-FTPS-v1.tar.gz,9768cbe43fa48cec894443e8c03ed399,630
ECRX5222000218,000BC214DDB3,P300,ACTIVATED,00185803000bc214ddb3,CFG-0001-0100-PROXY-20230131-FTPS-v1.tar.gz,9768cbe43fa48cec894443e8c03ed399,630
ECRX5222000219,000BC214DDB4,P300,ACTIVATED,00185803000bc214ddb4,CFG-0001-0100-PROXY-20230131-FTPS-v1.tar.gz,9768cbe43fa48cec894443e8c03ed399,630
ECRX5222000220,000BC214DDB5,P300,ACTIVATED,00185803000bc214ddb5,CFG-0001-0100-PROXY-20230131-FTPS-v1.tar.gz,9768cbe43fa48cec894443e8c03ed399,630
ECRX5222000221,000BC214DDB6,P300,ACTIVATED,00185803000bc214ddb6,CFG-0001-0100-PROXY-20230131-FTPS-v1.tar.gz,9768cbe43fa48cec894443e8c03ed399,630
ECRX5222000222,000BC214DDB7,P300,ACTIVATED,00185803000bc214ddb7,CFG-0001-0100-PROXY-20230131-FTPS-v1.tar.gz,9768cbe43fa48cec894443e8c03ed399,630
ECRX5222000223,000BC214DDB8,P300,ACTIVATED,00185803000bc214ddb8,CFG-0001-0100-PROXY-20230131-FTPS-v1.tar.gz,9768cbe43fa48cec894443e8c03ed399,630
ECRX5222000224,000BC214DDB9,P300,ACTIVATED,00185803000bc214ddb9,CFG-0001-0100-PROXY-20230131-FTPS-v1.tar.gz,9768cbe43fa48cec894443e8c03ed399,630
ECRX5222000225,000BC214DDBA,P300,ACTIVATED,00185803000bc214ddba,CFG-0001-0100-PROXY-20230131-FTPS-v1.tar.gz,9768cbe43fa48cec894443e8c03ed399,630
ECRX5222000226,000BC214DDBB,P300,ACTIVATED,00185803000bc214ddbb,CFG-0001-0100-PROXY-20230131-FTPS-v1.tar.gz,9768cbe43fa48cec894443e8c03ed399,630
ECRX5222000227,000BC214DDBC,P300,ACTIVATED,00185803000bc214ddbc,CFG-0001-0100-PROXY-20230131-FTPS-v1.tar.gz,9768cbe43fa48cec894443e8c03ed399,630
ECRX5222000228,000BC214DDBD,P300,ACTIVATED,00185803000bc214ddbd,CFG-0001-0100-PROXY-20230131-FTPS-v1.tar.gz,9768cbe43fa48cec894443e8c03ed399,630
ECRX5222000229,000BC214DDBE,P300,ACTIVATED,00185803000bc214ddbe,CFG-0001-0100-PROXY-20230131-FTPS-v1.tar.gz,9768cbe43fa48cec894443e8c03ed399,630
ECRX5222000230,000BC214DDBF,P300,ACTIVATED,00185803000bc214ddbf,CFG-0001-0100-PROXY-20230131-FTPS-v1.tar.gz,9768cbe43fa48cec894443e8c03ed399,630
ECRX5222000231,000BC214DDC0,P300,ACTIVATED,00185803000bc214ddc0,CFG-0001-0100-PROXY-20230131-FTPS-v1.tar.gz,9768cbe43fa48cec894443e8c03ed399,630
ECRX5222000232,000BC214DDC1,P300,ACTIVATED,00185803000bc214ddc1,CFG-0001-0100-PROXY-20230131-FTPS-v1.tar.gz,9768cbe43fa48cec894443e8c03ed399,630
ECRX5222000233,000BC214DDC2,P300,ACTIVATED,00185803000bc214ddc2,CFG-0001-0100-PROXY-20230131-FTPS-v1.tar.gz,9768cbe43fa48cec894443e8c03ed399,630
ECRX5222000234,000BC214DDC3,P300,ACTIVATED,00185803000bc214ddc3,CFG-0001-0100-PROXY-20230131-FTPS-v1.tar.gz,9768cbe43fa48cec894443e8c03ed399,630
ECRX5222000235,000BC214DDC4,P300,ACTIVATED,00185803000bc214ddc4,CFG-0001-0100-PROXY-20230131-FTPS-v1.tar.gz,9768cbe43fa48cec894443e8c03ed399,630
ECRX5222000236,000BC214DDC5,P300,ACTIVATED,00185803000bc214ddc5,CFG-0001-0100-PROXY-20230131-FTPS-v1.tar.gz,9768cbe43fa48cec894443e8c03ed399,630
ECRX5222000237,000BC214DDC6,P300,ACTIVATED,00185803000bc214ddc6,CFG-0001-0100-PROXY-20230131-FTPS-v1.tar.gz,9768cbe43fa48cec894443e8c03ed399,630
ECRX5222000238,000BC214DDC7,P300,ACTIVATED,00185803000bc214ddc7,CFG-0001-0100-PROXY-20230131-FTPS-v1.tar.gz,9768cbe43fa48cec894443e8c03ed399,630
ECRX5222000239,000BC214DDC8,P300,ACTIVATED,00185803000bc214ddc8,CFG-0001-0100-PROXY-20230131-FTPS-v1.tar.gz,9768cbe43fa48cec894443e8c03ed399,630
ECRX5222000240,000BC214DDC9,P300,ACTIVATED,00185803000bc214ddc9,CFG-0001-0100-PROXY-20230131-FTPS-v1.tar.gz,9768cbe43fa48cec894443e8c03ed399,630
ECRX5222000241,000BC214DDCA,P300,ACTIVATED,00185803000bc214ddca,CFG-0001-0100-PROXY-20230131-FTPS-v1.tar.gz,9768cbe43fa48cec894443e8c03ed399,630
ECRX5222000242,000BC214DDCB,P300,ACTIVATED,00185803000bc214ddcb,CFG-0001-0100-PROXY-20230131-FTPS-v1.tar.gz,9768cbe43fa48cec894443e8c03ed399,630
ECRX5222000243,000BC214DDCC,P300,ACTIVATED,00185803000bc214ddcc,CFG-0001-0100-PROXY-20230131-FTPS-v1.tar.gz,9768cbe43fa48cec894443e8c03ed399,630
ECRX1823000182,000BC216FE69,P300,ACTIVATED,00185803000bc216fe69,CFG-0001-0100-PROXY-20230131-FTPS-v1.tar.gz,9768cbe43fa48cec894443e8c03ed399,630
ECRX1823000207,000BC216FE82,P300,ACTIVATED,00185803000bc216fe82,CFG-0001-0100-PROXY-20230131-FTPS-v1.tar.gz,9768cbe43fa48cec894443e8c03ed399,630
ECRX1823000146,000BC216FE45,P300,ACTIVATED,00185803000bc216fe45,CFG-0001-0100-PROXY-20230131-FTPS-v1.tar.gz,9768cbe43fa48cec894443e8c03ed399,630
ECRX1823000148,000BC216FE47,P300,ACTIVATED,00185803000bc216fe47,CFG-0001-0100-PROXY-20230131-FTPS-v1.tar.gz,9768cbe43fa48cec894443e8c03ed399,630
ECRX1823000260,000BC216FEB7,P300,ACTIVATED,00185803000bc216feb7,CFG-0001-0100-PROXY-20230131-FTPS-v1.tar.gz,9768cbe43fa48cec894443e8c03ed399,630
ECRX1823000147,000BC216FE46,P300,ACTIVATED,00185803000bc216fe46,CFG-0001-0100-PROXY-20230131-FTPS-v1.tar.gz,9768cbe43fa48cec894443e8c03ed399,630
ECRX1823000068,000BC216FDF7,P300,ACTIVATED,00185803000bc216fdf7,CFG-0001-0100-PROXY-20230131-FTPS-v1.tar.gz,9768cbe43fa48cec894443e8c03ed399,630
ECRX1823000140,000BC216FE3F,P300,ACTIVATED,00185803000bc216fe3f,CFG-0001-0100-PROXY-20230131-FTPS-v1.tar.gz,9768cbe43fa48cec894443e8c03ed399,630
ECRX1823000144,000BC216FE43,P300,ACTIVATED,00185803000bc216fe43,CFG-0001-0100-PROXY-20230131-FTPS-v1.tar.gz,9768cbe43fa48cec894443e8c03ed399,630
ECRX1823000141,000BC216FE40,P300,ACTIVATED,00185803000bc216fe40,CFG-0001-0100-PROXY-20230131-FTPS-v1.tar.gz,9768cbe43fa48cec894443e8c03ed399,630
